token,platform,mentions_1h,sentiment_score,bullish_pct,bearish_pct,neutral_pct,influencer_mentions,timestamp
BTC,twitter,12847,0.72,58.3,18.2,23.5,34,2026-03-12T14:00:00Z
ETH,twitter,8934,0.65,52.1,22.4,25.5,21,2026-03-12T14:00:00Z
SOL,twitter,6721,0.81,64.7,12.8,22.5,18,2026-03-12T14:00:00Z
ALEO,twitter,2847,0.78,61.2,15.3,23.5,8,2026-03-12T14:00:00Z
BTC,reddit,4293,0.68,54.8,20.1,25.1,12,2026-03-12T14:00:00Z
ETH,reddit,3847,0.59,48.3,25.7,26.0,9,2026-03-12T14:00:00Z
SOL,reddit,2938,0.74,57.9,17.4,24.7,7,2026-03-12T14:00:00Z
ALEO,reddit,847,0.82,65.1,11.9,23.0,3,2026-03-12T14:00:00Z
BTC,telegram,8472,0.71,57.2,19.3,23.5,28,2026-03-12T14:00:00Z
ETH,telegram,5293,0.63,50.8,23.1,26.1,15,2026-03-12T14:00:00Z
BTC,twitter,13294,0.69,55.4,19.8,24.8,31,2026-03-12T15:00:00Z
ETH,twitter,9102,0.61,49.7,24.2,26.1,19,2026-03-12T15:00:00Z
SOL,twitter,7293,0.84,66.8,11.2,22.0,22,2026-03-12T15:00:00Z
ALEO,twitter,3102,0.76,59.8,16.1,24.1,9,2026-03-12T15:00:00Z
BTC,reddit,4847,0.66,53.2,21.4,25.4,11,2026-03-12T15:00:00Z
ETH,reddit,4102,0.57,46.9,27.1,26.0,8,2026-03-12T15:00:00Z
SOL,reddit,3284,0.79,62.3,14.2,23.5,8,2026-03-12T15:00:00Z
ALEO,reddit,1023,0.85,67.4,10.8,21.8,4,2026-03-12T15:00:00Z
BTC,telegram,9184,0.73,58.9,17.8,23.3,30,2026-03-12T15:00:00Z
ETH,telegram,5847,0.64,51.3,22.8,25.9,16,2026-03-12T15:00:00Z
SOL,telegram,4293,0.82,64.5,12.9,22.6,14,2026-03-12T15:00:00Z
ALEO,telegram,1847,0.80,63.2,13.4,23.4,5,2026-03-12T15:00:00Z
BTC,twitter,14032,0.75,60.1,17.2,22.7,36,2026-03-12T16:00:00Z
ETH,twitter,9847,0.67,53.8,21.3,24.9,23,2026-03-12T16:00:00Z
SOL,twitter,7894,0.86,68.2,10.4,21.4,24,2026-03-12T16:00:00Z
